0;74
0;1655
0;3180
0;3398
0;4096
1;60
1;91
1;2118
1;3618
2;2420
2;2797
2;4596
3;397
3;1536
3;3509
4;1568
4;2766
4;3989
5;2138
5;3795
6;207
6;3600
7;1705
7;2793
7;4834
8;3768
9;2035
9;2934
9;3924
10;2628
10;3357
10;4467
10;4605
10;4989
11;2166
11;4222
11;4546
12;1189
12;1506
12;3424
13;4532
14;1790
14;1840
14;1846
14;1995
14;3089
14;4659
15;293
15;1427
15;1954
15;2374
16;1188
16;3243
16;4874
17;110
17;610
17;2187
17;3305
18;3246
18;4016
18;4177
19;772
19;921
19;924
19;2090
19;3736
19;4278
20;255
20;2404
20;3989
21;569
21;742
21;2543
22;1179
23;46
23;1384
23;1717
23;2692
23;2833
23;2857
23;2980
23;3561
24;1962
24;3360
26;1127
26;1314
26;1736
27;1944
27;2053
27;2895
27;4394
28;2250
29;393
29;2507
29;4287
30;70
30;1425
30;2516
30;2967
30;3339
31;3473
31;3777
31;3882
32;528
32;3219
33;2751
33;2903
33;3813
34;1069
34;1697
34;1955
34;3867
35;1615
35;3024
35;3470
35;4980
37;850
37;1560
37;2754
38;572
38;1817
38;3283
38;3707
38;4698
39;154
39;467
39;518
39;760
39;4076
39;4618
39;4678
39;4948
40;740
40;3772
41;2017
41;2164
41;3310
41;3378
41;3416
42;640
42;1988
42;3136
43;511
43;545
43;1191
43;1737
43;3069
43;3743
43;4631
44;1196
44;1324
45;4383
45;4663
46;194
46;737
46;3089
47;225
47;1311
47;1841
47;4888
48;310
49;211
49;3442
50;816
50;2520
50;3233
51;2343
51;2404
51;3008
52;933
52;1748
52;2142
52;4028
52;4729
53;428
54;700
54;3246
55;659
55;1017
55;1693
55;1917
55;2441
55;4205
56;386
56;877
56;3472
57;973
57;1883
57;2330
58;616
58;1070
59;1517
59;1525
59;1779
59;2079
60;921
60;1143
61;1159
61;1687
61;2332
62;325
62;406
62;3688
63;196
63;2437
64;4757
65;3185
66;402
66;1066
66;3921
67;3816
68;3617
69;2354
70;1673
70;3094
70;3608
70;4052
70;4693
70;4861
72;269
72;1574
72;4024
74;682
74;2140
75;1056
75;3728
76;4913
77;560
77;1909
77;2668
77;3886
77;4412
78;1015
79;875
79;929
79;1239
79;2802
79;4260
79;4576
80;2935
81;518
81;1438
81;1769
81;3061
81;3702
82;1636
82;1916
83;509
83;556
83;1797
83;2893
83;3730
84;1626
84;2847
84;2919
84;4359
85;457
85;1986
85;2868
85;3746
86;1758
86;4774
86;4806
87;2816
88;1768
88;2276
88;4277
88;4401
88;4844
89;1998
89;2625
89;2928
90;4923
91;1604
92;160
92;4295
93;2778
94;1241
94;1489
94;4942
95;3254
95;4341
95;4459
97;1476
97;3448
98;2157
99;1503
99;1534
99;1978
100;3401
101;750
101;1857
101;2454
101;2759
101;3333
101;4239
102;2578
102;3281
102;3507
103;3955
104;988
104;3973
105;901
105;1133
105;2488
105;2533
105;4171
106;991
106;1098
106;3209
106;3299
106;4147
107;1312
108;2097
108;2421
108;4534
109;788
109;4271
111;795
111;2420
111;3655
111;4367
112;4752
113;1281
113;2930
114;1182
114;2455
115;1565
116;1951
117;647
117;2622
117;3379
117;4058
118;573
118;2401
118;2815
118;2830
118;3007
118;4679
119;735
120;929
120;1438
120;2078
120;2145
120;3982
121;1734
122;963
122;3561
122;4197
122;4804
123;2428
123;2973
123;3725
124;1733
124;2477
125;1031
125;1205
125;4744
126;1094
127;3680
127;3934
127;4716
128;1371
129;220
129;221
129;2529
130;213
130;2060
130;2717
130;2878
130;3212
130;3853
130;4211
131;3081
131;3100
133;1275
134;1095
134;2085
134;3240
134;4967
135;1089
135;1688
135;2289
135;3833
136;199
136;1582
137;1570
137;1627
137;3048
137;3706
138;2886
139;1147
139;1770
139;1793
139;3611
139;3716
139;4487
139;4923
140;589
140;3050
140;3296
140;4494
141;790
141;3286
142;219
142;1324
142;2172
143;2577
144;446
144;1270
145;2251
146;2862
146;4521
147;2003
147;2807
147;2955
148;3421
150;3204
150;4016
150;4679
151;922
151;3174
151;3589
151;4564
151;4992
151;4999
152;205
152;884
152;2817
152;3858
152;4665
152;4733
153;660
153;3354
154;784
155;1868
155;2388
156;2210
156;2639
156;2833
156;3314
156;3395
156;4763
157;512
157;989
157;2218
157;2704
157;4021
158;2810
158;4151
159;623
159;905
159;1051
159;2147
159;3885
159;4753
160;804
160;1418
160;1788
161;1216
161;1482
161;3484
161;4019
162;1858
162;1921
163;1040
163;2522
163;3238
163;3290
163;3713
163;4509
164;946
164;971
164;3540
164;4421
165;1828
165;3856
166;314
166;2795
166;2952
167;634
167;4615
168;390
168;1404
168;1445
168;1564
168;2246
168;2704
169;3996
171;466
172;1098
172;2280
172;4812
173;920
173;3786
175;1014
175;1225
175;1821
175;2493
176;900
177;259
177;2039
177;3169
177;3428
177;4435
178;3861
178;4172
179;411
179;4308
179;4665
180;961
181;670
181;813
181;2394
181;3697
182;1106
182;4097
182;4436
183;4969
184;1726
184;2425
184;3972
184;4178
184;4533
185;693
185;827
185;1524
186;952
186;2463
186;2942
186;4556
186;4989
187;3524
188;1534
188;1553
188;4984
189;1655
189;4448
190;4771
191;1355
191;2580
191;2774
192;2824
192;3966
192;4543
193;605
193;2597
193;2598
193;4269
194;2678
194;3634
194;4280
196;1713
196;1858
196;3114
196;4148
196;4322
197;1085
198;374
198;1507
198;4894
199;2854
199;3081
200;1484
201;588
201;1791
201;2076
201;2847
201;4270
202;1711
202;3037
203;876
204;1151
204;4008
205;1632
206;745
206;1676
206;3254
206;4520
207;772
207;1038
208;210
208;1735
208;2679
208;3719
209;4136
210;936
210;1693
210;4847
211;2233
211;4230
212;438
212;2803
212;4375
212;4683
212;4813
213;901
213;3563
213;4019
213;4689
214;1803
215;2866
215;4044
215;4411
217;3982
218;3733
219;927
219;2359
219;2573
219;4132
219;4836
220;350
220;647
220;1402
220;4056
221;773
221;4190
221;4911
222;363
222;447
222;1085
222;4550
223;1223
223;1613
223;2273
223;3170
224;1881
225;3156
226;2034
227;650
227;1165
227;2237
227;4773
228;1169
228;2943
230;2290
231;1561
231;2914
231;3198
231;4691
233;629
233;3288
233;3359
233;4170
234;1907
234;3584
234;4532
235;1765
236;2348
236;3935
237;682
238;4952
239;439
239;1500
239;3335
239;4808
239;4875
240;3357
240;4610
241;286
241;1572
241;2102
241;4034
242;800
243;4020
244;1238
244;1786
245;3494
245;3858
246;3239
247;1317
247;2534
248;2463
248;2872
248;3729
248;4412
249;2597
250;1180
250;1499
250;3329
250;4850
251;1427
251;4950
253;1841
253;4442
255;1006
255;1535
255;2079
255;2488
256;850
256;4432
256;4553
257;392
257;1736
257;4186
258;1538
258;2448
258;3537
259;452
259;654
259;2551
260;1393
261;851
261;2475
261;2522
261;3302
262;1482
262;4873
263;4784
264;1833
264;3091
265;2481
265;4244
265;4369
265;4441
266;1277
266;4839
267;457
268;1465
268;4444
268;4475
269;4147
270;4344
271;3263
271;3470
271;4399
272;493
272;681
272;1610
272;4294
272;4400
273;856
273;1455
273;3296
274;1117
274;1196
274;1845
274;2614
274;3921
274;4266
275;762
275;1600
275;2737
275;4621
276;323
276;4150
277;540
277;918
277;2111
278;1572
278;2482
278;3075
279;1425
279;4288
279;4633
280;1001
280;1196
280;1783
281;3854
282;794
282;833
283;1347
283;3978
284;1346
284;2336
284;4205
284;4375
285;3239
286;1911
286;2867
287;1069
287;1351
287;3158
287;4241
288;361
288;1124
288;2415
288;3318
289;2563
290;1506
290;3437
291;1104
291;2453
291;2711
291;3222
291;4929
292;548
292;3117
293;3234
293;3561
293;4208
294;677
294;840
294;2478
294;2640
294;2996
295;664
295;1216
295;1254
295;4310
296;1081
297;948
297;2907
297;3831
297;3945
298;4303
298;4401
299;632
299;2322
299;3426
300;782
300;1086
300;2327
300;2385
300;4412
302;2725
302;3263
302;4498
303;611
303;1450
303;3844
304;1167
304;2324
304;2712
304;3661
305;818
305;3618
305;3834
306;3213
306;4350
308;369
308;3496
308;3840
309;4001
310;583
310;1576
310;2894
312;4190
312;4252
312;4330
313;472
313;505
313;3030
314;2031
315;340
315;3269
316;422
316;2782
316;3069
316;3178
316;4818
317;1684
317;2755
318;2549
319;1925
320;689
320;2529
321;1024
321;3032
321;3811
321;4255
322;634
322;3640
323;2248
324;1901
324;4397
325;658
325;2448
326;2470
326;2622
326;4407
326;4758
327;1451
328;623
328;2633
329;858
329;1042
329;4190
329;4970
330;4212
331;1456
331;1719
331;2399
331;2790
332;896
332;1091
332;3993
333;631
333;2084
333;2816
333;3506
334;884
335;4302
336;421
336;764
337;533
337;1129
337;1532
337;2822
338;1164
338;1604
338;2539
339;4669
340;484
340;3999
341;3279
341;3312
342;2893
345;1757
346;2456
347;2661
347;2758
347;4111
347;4233
347;4344
348;3777
348;4868
349;657
349;1018
349;2661
349;2839
349;3270
350;2009
350;2893
351;658
351;1633
351;4670
352;507
352;919
353;4546
354;3496
354;3644
354;4369
354;4417
355;1494
355;3280
355;3569
355;3880
356;1032
356;2737
357;4787
358;640
358;1064
358;1673
358;2725
359;4670
360;1194
360;4382
361;3396
361;4960
362;888
362;2573
363;1014
364;4701
365;514
365;1573
365;3484
365;4088
366;4025
367;998
367;2239
367;2987
367;3233
367;4062
368;450
368;1109
369;605
369;2017
369;2312
369;2334
370;1797
370;3048
370;3181
370;4538
371;522
371;4170
371;4312
372;3035
373;1310
374;468
374;2472
375;4379
376;1016
376;2238
376;4952
377;1994
377;2033
378;954
378;2794
378;3323
378;4284
379;1718
380;2024
380;3200
380;3963
380;4218
380;4227
380;4567
381;3984
384;872
384;1864
384;4443
385;1063
385;1211
385;3693
385;4032
387;2876
387;3507
387;3819
387;4658
388;1848
389;1487
389;1797
389;3597
389;3679
389;4006
390;3244
390;4202
390;4687
391;1734
392;573
392;641
392;4476
394;1791
395;4526
395;4795
398;3731
398;3859
399;1876
399;4257
399;4997
400;1374
400;3321
400;3472
401;4327
403;2113
403;2329
404;2349
404;2671
404;3011
405;2749
406;724
406;2152
406;2778
407;1750
407;3637
407;4482
407;4567
408;508
408;1019
408;2826
411;3511
411;4788
412;673
412;2102
412;4262
413;1341
413;2177
413;3436
413;4977
414;2981
414;3253
414;3416
414;3457
415;2343
416;1739
417;1231
417;2973
418;556
419;648
419;3109
419;4081
420;2493
422;2689
422;3088
422;4030
423;974
424;1335
425;764
425;1046
425;3088
425;4275
425;4544
426;766
426;3121
426;4101
426;4141
427;1514
427;4550
428;1247
428;2934
428;3123
428;3415
429;2798
429;4428
430;4195
431;4245
432;4300
434;755
434;1800
434;3526
434;4279
435;1763
435;1936
435;2238
435;3157
436;688
436;2335
436;3889
436;4739
437;1043
437;3480
437;3552
438;2400
438;4600
439;1991
439;1994
439;2907
439;4742
440;2411
440;2931
440;4981
441;2701
441;2979
441;4016
442;1906
442;2807
443;2537
445;1026
445;1455
445;2176
445;3813
446;1566
446;2530
446;4587
447;3517
448;1388
448;3761
450;2046
450;3173
450;3912
450;3975
450;4586
450;4710
451;576
451;751
451;1515
451;3910
453;1041
453;1208
453;2505
453;4215
454;510
454;2869
454;4231
455;1669
455;1898
455;3965
455;4179
456;3652
457;1762
457;1804
457;2398
457;3586
457;4559
458;1407
458;1955
458;2183
458;4797
459;2991
459;3449
459;4422
460;3815
461;591
461;4023
461;4164
462;3775
462;4776
463;1310
463;2938
463;4378
463;4761
464;2215
464;3227
465;1425
466;3208
466;4518
467;4758
468;1127
468;1627
468;2245
468;4573
469;711
469;2165
469;2706
469;4173
470;4339
471;1796
471;2122
471;2366
472;1991
472;4913
473;511
474;516
474;4573
475;835
475;4500
475;4564
475;4617
475;4986
476;1319
476;2055
477;1127
477;4011
477;4875
478;4520
478;4762
479;3574
479;4097
480;1792
480;2647
480;4379
480;4897
481;575
482;1844
482;1942
482;2550
482;2681
484;1916
484;2023
484;4123
484;4609
485;689
485;939
485;1013
485;3199
485;3684
485;4879
486;4415
487;3275
487;4017
488;1147
488;3013
489;2736
490;3053
491;895
491;2246
491;3207
491;4410
492;987
492;1474
492;2710
493;4957
494;2857
494;2938
494;3967
495;4591
499;1102
499;4115
500;2932
501;907
501;2794
501;3427
502;1197
502;1593
502;2126
502;2770
502;3059
502;3202
502;3951
502;3982
503;1509
503;4942
504;1520
504;3320
505;847
505;2210
506;2517
506;2932
507;846
507;1541
507;2063
507;2531
507;3030
508;1481
508;2039
508;2720
508;4939
509;1198
509;1381
509;1662
509;1786
510;2802
511;547
511;3731
511;3789
512;681
512;1127
512;1811
512;3680
513;1312
513;2163
513;2652
513;3428
513;3475
514;3443
515;2346
515;4501
516;2555
516;4635
517;3258
518;2226
518;3985
518;4893
519;759
519;2127
519;2688
519;4487
520;901
520;3679
521;1960
522;1509
522;1813
522;2413
522;3040
522;4520
524;554
524;1075
524;2646
524;3664
524;4081
525;1942
526;721
527;794
527;1811
527;4575
528;3025
528;3388
528;3797
528;4513
529;624
529;3892
529;4820
530;1055
530;3356
531;2097
531;3118
532;822
532;1113
532;2796
532;3881
532;4309
532;4556
533;610
533;4726
534;583
534;1235
534;2638
536;1212
536;1236
536;2016
537;1873
537;2841
537;3781
537;4503
538;818
538;1453
538;3761
539;1973
539;3146
540;3957
541;4890
542;670
542;1321
542;3126
542;4708
543;1245
543;3618
544;3226
545;1328
545;3858
545;4908
546;1452
546;4680
547;2006
547;2321
547;3110
548;3541
549;3723
550;847
550;1671
550;2415
550;4042
551;3498
552;2587
553;570
553;594
553;3777
553;4423
554;3246
554;3821
554;4984
555;1902
555;2178
555;2855
556;911
556;2434
556;2864
556;4292
556;4732
557;756
557;1623
557;3175
557;3285
558;1752
558;1844
558;3055
559;2351
559;2921
560;1650
560;4315
560;4620
561;1451
561;1483
561;4933
562;1868
562;3791
563;4357
564;1549
565;1369
566;2276
566;3949
567;1879
567;3436
568;3712
569;888
569;1906
569;2265
569;2775
569;3014
570;1761
571;767
571;770
571;1722
572;3113
572;3597
572;4778
574;1140
574;1232
574;2388
574;2811
574;3190
574;3243
574;4178
575;2649
575;3736
576;1162
576;1444
576;2379
576;3359
576;4735
577;2970
578;3169
578;3401
578;3489
578;4152
579;4472
580;975
580;2381
580;4673
581;607
581;1800
582;2196
582;2466
582;3313
583;1194
584;2701
584;3715
584;4863
585;2783
586;879
586;1101
586;2047
586;3088
586;3975
587;3928
588;2472
590;1067
590;2449
590;3193
591;1339
591;2876
592;3161
592;3529
593;955
594;1001
594;4604
595;3059
596;3580
596;3701
597;607
597;2049
597;3885
598;2943
598;4217
598;4614
599;1827
599;2090
599;2672
600;2156
601;605
601;1854
603;4101
604;4151
604;4503
604;4510
606;2098
606;2848
606;3521
606;4270
607;2081
607;3993
608;2715
609;1463
609;1532
609;1696
609;4064
610;1512
610;3040
610;3096
610;4276
611;1426
611;1831
611;2441
611;3051
611;3268
611;3687
612;672
612;1929
612;4484
614;1399
614;4400
615;2360
617;1493
619;1017
619;1108
619;3240
619;3696
619;4323
620;1937
620;2697
620;4916
621;1818
621;3087
621;3798
622;706
622;2228
622;2721
622;3153
622;3681
622;4989
623;2153
624;2823
624;3225
624;3505
624;3952
624;4805
626;1522
626;3688
626;3898
627;3504
628;3829
629;3838
629;3852
630;4033
631;1053
631;2435
631;3567
631;4390
632;2262
633;1577
633;2824
634;1909
634;3915
635;2308
635;4306
635;4929
636;989
636;3004
638;926
638;3496
638;4218
639;1403
640;2763
640;4238
641;4112
642;1937
642;2149
642;2783
642;3708
643;4986
644;1015
644;2453
645;2247
645;3741
646;2400
646;4999
647;953
647;1580
648;1922
649;1672
650;3069
650;4261
651;830
651;2317
651;4258
652;3378
653;1640
653;1907
653;2543
653;2647
654;760
654;3485
655;4286
657;1122
657;3069
658;2261
658;2978
658;3483
658;4474
659;736
659;4936
660;1004
660;2400
660;2672
661;2962
662;1119
662;3916
663;2264
663;4943
664;2794
664;2809
664;4036
664;4685
665;1282
665;2345
666;918
666;1321
667;2685
667;4330
668;1823
668;2217
669;2694
669;4436
670;3114
670;3364
670;4828
671;3580
671;3965
672;2189
672;2471
672;2527
673;1327
673;4851
674;4606
675;984
675;2088
675;4826
677;3800
678;1597
679;1939
680;2238
680;2426
680;3915
680;4494
681;3834
681;4464
683;1688
683;3368
683;4073
684;1958
684;2785
684;3655
685;3065
686;4724
686;4944
687;2212
687;4045
688;1365
688;2862
689;2046
689;2243
689;3018
690;2081
690;3092
690;4518
692;3604
693;1358
694;774
695;1653
695;2496
695;3350
695;4457
697;912
697;2812
697;3389
697;4556
698;1884
698;2354
698;3219
699;4468
700;1956
700;2663
700;4798
701;1988
701;2581
701;2712
702;1688
702;2364
702;3527
703;2425
703;3850
704;1403
705;1261
705;2866
705;4617
706;872
706;1964
707;1748
707;3650
708;724
708;751
708;1742
709;1161
709;2484
709;2493
709;2697
709;3488
709;4727
710;2726
710;2922
710;4891
711;4945
712;3608
712;4620
713;1549
713;3047
713;4195
714;786
714;2588
715;1688
715;3402
715;3955
716;1395
716;2648
718;4175
719;4489
720;1304
720;1902
720;3400
721;1342
721;3102
721;3677
722;813
722;1179
722;1692
722;2177
722;3670
724;776
724;4501
725;1453
725;1825
725;1943
726;1522
726;2634
728;4861
729;830
729;1756
729;2106
729;2335
729;3651
730;914
730;2914
730;3985
730;4393
731;3052
731;3267
732;3092
732;4658
733;831
733;3173
733;3189
734;2577
734;4827
735;827
735;1963
735;2161
735;4837
736;1975
736;2025
736;4830
736;4941
737;926
737;1614
739;851
739;1784
739;2686
739;2807
740;1938
740;4906
741;1226
741;3038
741;3081
741;3461
742;1084
743;4289
743;4996
744;1103
744;2651
744;3289
744;4488
745;3581
746;3624
747;4259
748;2534
748;4582
749;2916
750;1787
750;1810
750;4675
751;2883
752;1954
752;2901
752;4459
752;4461
753;3840
753;4389
754;798
754;1810
754;2009
755;1793
755;3517
756;3861
759;852
760;1148
760;1561
760;2084
760;2421
760;3982
761;2632
761;3184
761;4082
762;1431
762;2768
762;3283
763;3545
764;1399
764;4221
765;2107
766;2136
766;2756
766;2986
766;4253
767;3261
767;3879
767;4491
768;1073
768;1320
769;2875
770;1319
770;1655
771;3004
771;3952
772;3339
772;4256
773;1997
773;4604
774;1011
774;1233
775;4265
776;2776
777;3377
777;4584
778;1635
778;4013
779;943
779;2998
780;1455
780;2124
781;2490
781;3520
782;1494
782;4594
783;2883
785;4403
785;4788
786;3290
787;1987
787;4210
787;4379
788;1345
788;2363
788;3786
789;1206
789;1879
789;4509
789;4566
790;1547
790;2252
790;3875
790;4287
790;4302
791;3809
791;4895
792;991
793;4810
794;2633
794;4731
795;3816
795;4553
796;901
796;2187
796;2218
796;2709
796;3149
798;3018
798;3973
799;1295
799;1311
800;1272
800;2550
800;2703
800;3180
801;4632
802;4752
803;1509
803;1579
803;2118
804;1806
804;4237
804;4855
804;4968
805;1153
805;1958
806;3577
807;1196
807;1689
807;3555
809;1155
809;1928
810;2290
810;3964
810;3992
810;4045
810;4131
811;1195
812;1033
812;3427
812;4109
813;3597
813;4080
813;4408
816;1399
817;2609
817;2615
817;2664
818;841
818;2406
818;2719
819;1346
819;1968
819;3847
820;1176
820;3449
820;3775
821;1347
821;3831
821;4948
822;1493
822;1674
823;1395
823;3021
824;3593
825;4162
826;2437
826;2501
826;3263
826;4901
827;1067
828;2984
828;3494
828;3499
829;3066
830;2006
831;3298
831;3418
832;1526
832;3995
834;1715
834;2148
834;4927
836;1824
836;3496
837;1663
837;1945
837;2809
837;3629
837;3990
838;1780
838;2630
838;4097
839;987
839;2236
839;3941
839;4572
840;1439
840;2933
841;1728
841;4054
841;4299
842;2045
842;3194
843;1030
843;1770
843;1941
843;2467
843;2672
843;4148
843;4199
844;1883
844;1993
844;2795
844;4056
845;1610
845;3113
845;3623
846;2542
846;2772
846;3849
847;1863
848;4254
849;1123
849;2798
849;3096
849;3319
849;4095
850;2038
851;2986
851;3545
851;3917
852;1080
852;1947
853;1154
853;1239
854;2660
854;4677
855;2752
855;2822
855;3539
855;4542
856;2388
856;2692
856;3318
856;3415
857;2477
857;4877
858;1982
858;4517
858;4630
858;4654
859;2938
859;4968
860;4020
861;1510
864;3154
864;4141
864;4264
865;2037
867;4200
867;4803
868;1245
868;1407
868;1941
869;4459
870;3865
871;3142
874;2716
875;1991
875;2107
875;3178
876;972
876;1151
876;2927
876;3757
876;4076
876;4962
877;4295
877;4758
878;2956
878;3328
878;3613
878;4629
879;1228
879;2999
880;4335
883;1612
884;955
884;1292
885;904
885;2727
886;1492
887;1340
887;2084
887;2760
887;3836
887;4463
888;946
888;2240
888;4894
889;1969
890;3906
891;1310
891;1454
891;2122
891;2235
892;2466
893;1278
893;3305
893;4901
894;1504
894;2531
895;4209
896;1840
896;2499
896;2544
896;2713
896;2716
897;3775
898;3479
898;4301
898;4530
899;4053
900;3716
901;3290
901;3490
902;2119
902;2608
903;2096
903;4166
905;1498
906;4593
907;2297
907;3170
907;3431
907;4235
907;4250
907;4694
907;4781
908;3403
909;1720
909;1952
909;4435
912;3295
913;2564
914;3740
914;4815
914;4983
915;2353
915;2484
915;4337
916;1807
917;1153
917;1732
917;2261
917;3278
917;3284
917;4642
918;1943
919;949
919;3510
919;4183
920;1901
920;4578
921;942
921;4130
921;4958
922;3632
922;4066
923;3179
923;3368
923;4207
923;4322
923;4914
925;3015
926;2438
926;4098
927;980
928;4306
929;2233
930;1389
930;2409
930;3141
931;1096
931;2810
931;3534
931;4195
932;1988
932;4325
933;1880
934;4068
935;1407
935;2300
936;3002
938;4243
939;2578
939;4161
940;1435
940;4946
941;3777
942;959
942;4257
943;3925
944;4619
945;4025
945;4627
946;1185
946;3381
947;3201
948;1532
948;1811
948;3038
948;4690
949;1441
950;1268
950;3901
952;3890
953;2783
953;2992
953;3747
954;2119
954;4033
954;4560
955;2035
955;2119
955;2661
955;2758
957;2218
957;2269
957;2826
957;2860
958;1367
958;2846
960;4552
961;2234
961;2677
961;4621
962;2644
962;3316
963;1064
963;2159
963;2514
963;3567
963;3591
963;4778
964;2923
964;3224
964;3420
965;2337
965;2524
965;3941
965;4192
965;4402
966;1489
966;2282
966;3369
967;1803
967;2479
967;4175
968;3021
969;2977
969;3405
969;4161
970;3584
970;4634
970;4822
971;1168
971;1959
971;3211
971;3318
971;4543
972;2126
972;2220
972;4413
973;1670
973;3913
975;3856
976;1333
976;2235
976;4727
977;3968
977;4821
978;4464
979;1267
979;1898
979;2629
979;2920
979;3375
980;1421
980;2883
980;4152
980;4789
981;3528
981;4955
982;1356
982;3314
984;2771
986;3712
988;1757
988;3821
989;3800
989;4914
990;1002
990;1928
990;2891
990;3876
990;4948
992;3164
993;3342
993;4470
994;2184
994;2336
994;3401
994;3910
995;2365
995;2888
995;3643
996;3075
996;4878
998;1176
998;2155
998;2778
998;3555
998;4013
999;2906
999;3941
999;4580
1000;3393
1000;4409
1001;2865
1002;1062
1002;1734
1002;2821
1002;4373
1002;4908
1004;1223
1004;4272
1005;1671
1005;2820
1005;3126
1005;3750
1006;1144
1006;3770
1007;2068
1007;2726
1008;1726
1008;3623
1008;3766
1011;1020
1011;1930
1011;3817
1012;1600
1012;1774
1013;2296
1013;3954
1014;2033
1015;1691
1015;3423
1015;4603
1015;4641
1015;4889
1016;1503
1016;1651
1016;2024
1016;4030
1017;3286
1017;3751
1017;4862
1018;3051
1019;1865
1019;3488
1019;4616
1020;2465
1020;2618
1020;4524
1021;1280
1022;2293
1023;2203
1023;2470
1023;3720
1024;2772
1024;3225
1024;3500
1025;3176
1025;3992
1025;4124
1026;1351
1026;2317
1026;3245
1026;4824
1027;3346
1029;3390
1031;1240
1031;1407
1032;1702
1032;1880
1032;2974
1033;2008
1033;3219
1033;4550
1034;2639
1034;2669
1035;3727
1036;1467
1037;1122
1038;3033
1038;3419
1038;4167
1039;1691
1039;4073
1040;3551
1040;4893
1041;3653
1042;1118
1042;4590
1043;2437
1043;3071
1045;2183
1045;4833
1046;1492
1046;4162
1047;1444
1047;2799
1048;1062
1048;3100
1048;3598
1049;3084
1049;4093
1049;4267
1049;4366
1049;4774
1049;4938
1050;4107
1051;3752
1052;1399
1052;1893
1053;1451
1053;1788
1053;4229
1054;1180
1054;2474
1054;3618
1055;1451
1056;3035
1057;3722
1058;4466
1060;1470
1060;2744
1060;3670
1061;2121
1062;3841
1063;2780
1063;3978
1063;4001
1064;4669
1065;1440
1065;2721
1065;3068
1065;3498
1066;2219
1066;3309
1067;2677
1067;3046
1067;3352
1068;2769
1069;2967
1070;1424
1070;1843
1072;1558
1072;2914
1072;3324
1072;4492
1074;2077
1074;2283
1074;3476
1075;2083
1075;3566
1076;3983
1077;2466
1077;4292
1077;4375
1077;4855
1078;3750
1078;4790
1079;2446
1079;3337
1080;2551
1081;1357
1081;1940
1082;2480
1082;3465
1083;4230
1083;4303
1084;3043
1085;2897
1085;3153
1086;2881
1087;1521
1087;4429
1087;4526
1088;2422
1089;1791
1089;4187
1090;3158
1091;3512
1092;1305
1092;1635
1092;3843
1092;4669
1093;2866
1093;3285
1093;4399
1094;3267
1095;2824
1095;2853
1095;2870
1095;3441
1096;1364
1096;2586
1096;2986
1097;1392
1097;2015
1097;2533
1097;4537
1098;1232
1098;1346
1098;1757
1098;2540
1098;4318
1099;1756
1099;2688
1099;4185
1100;3126
1101;3496
1103;1203
1103;1296
1103;1404
1103;2221
1103;2597
1103;3184
1103;3274
1104;1526
1105;3727
1105;4424
1105;4502
1106;2518
1106;2821
1107;1944
1107;3070
1107;4007
1107;4886
1108;2588
1109;2490
1109;4123
1109;4296
1110;2598
1112;2457
1112;2490
1113;1975
1113;3246
1113;4666
1114;1476
1114;2933
1115;2101
1115;2670
1115;2883
1116;1121
1116;3157
1116;4155
1116;4639
1118;3577
1119;1621
1119;3900
1121;3627
1121;4299
1122;3260
1122;4622
1122;4917
1125;4977
1126;3091
1126;3965
1126;4255
1126;4350
1126;4769
1127;1780
1127;2672
1128;2067
1128;4459
1129;1970
1129;2762
1129;2812
1129;2949
1129;2970
1129;3975
1131;2108
1132;1758
1132;1980
1132;2990
1132;3124
1133;3709
1135;4806
1136;1514
1136;1757
1136;3839
1136;4544
1137;1212
1137;1932
1139;3056
1140;1212
1140;4415
1141;2209
1141;2375
1141;3688
1142;2831
1142;3368
1142;4538
1143;2249
1143;3006
1143;3495
1144;1479
1145;4375
1146;1998
1146;2302
1146;3488
1146;4648
1147;2883
1147;4997
1148;3107
1148;3687
1148;3951
1149;3048
1150;1943
1150;2477
1151;3008
1152;3734
1153;4055
1155;1801
1155;3499
1158;1286
1158;1635
1158;2395
1158;2691
1159;1815
1159;2333
1159;2341
1159;2608
1159;2613
1159;3759
1160;4206
1160;4757
1161;2974
1162;1336
1162;4682
1163;3624
1163;4028
1164;1585
1168;4016
1169;1408
1169;3186
1170;2591
1170;2891
1170;3357
1170;3752
1170;4962
1171;3392
1171;4855
1172;1455
1172;3721
1172;4189
1172;4719
1174;1195
1174;1641
1174;2449
1176;1843
1176;3701
1176;4582
1177;1404
1177;1521
1177;3476
1177;3771
1177;4095
1177;4596
1178;4749
1179;3272
1179;4794
1180;1354
1180;3194
1180;3242
1180;4372
1181;2177
1181;4966
1182;2411
1183;1886
1183;1919
1183;4323
1184;2364
1184;4193
1184;4535
1186;1640
1186;1838
1186;2698
1186;2868
1186;4571
1187;4282
1188;1588
1188;1758
1188;4924
1189;1432
1189;2719
1189;3406
1189;4131
1189;4827
1190;1545
1190;1802
1190;2181
1190;2839
1190;3072
1190;3235
1191;2273
1191;2610
1193;2716
1193;3971
1194;1593
1194;3805
1195;2604
1195;3130
1196;1326
1196;2163
1197;3126
1198;1381
1199;1822
1199;3361
1199;3848
1199;3874
1201;2246
1201;2877
1201;4187
1204;2994
1205;1788
1205;2243
1205;3843
1208;1894
1208;2271
1208;2728
1209;2895
1209;3449
1209;4399
1210;2966
1211;2828
1211;3475
1211;4635
1212;1251
1212;1837
1213;1610
1213;1677
1213;3051
1214;3519
1214;3761
1214;4922
1215;3834
1215;3864
1216;1695
1216;1875
1216;1879
1216;2420
1216;2971
1217;1763
1217;1786
1217;3433
1217;4108
1217;4435
1217;4587
1219;2713
1219;3390
1219;4431
1220;2979
1221;4339
1222;4154
1223;1850
1223;3666
1223;4650
1224;4688
1225;2065
1226;1461
1226;2886
1226;3307
1226;3597
1226;4286
1228;1690
1228;1959
1231;3884
1232;1522
1232;1742
1233;1609
1234;2075
1234;2754
1234;2818
1234;3159
1234;4149
1235;1496
1235;1705
1235;2731
1235;4701
1235;4721
1236;2214
1236;2396
1237;1782
1237;1971
1237;4576
1238;3664
1238;4409
1240;1401
1241;1591
1241;2112
1241;3035
1242;2516
1242;2989
1243;1590
1243;3611
1243;4323
1243;4535
1245;2307
1245;4344
1245;4976
1246;1540
1246;2396
1246;2848
1247;1312
1247;4931
1248;2535
1248;3273
1249;2674
1250;1732
1250;2253
1250;2482
1250;4630
1251;2728
1252;3817
1254;1955
1254;2899
1254;3078
1255;2518
1255;3092
1257;3918
1259;2141
1260;2369
1260;3897
1260;4706
1261;2002
1262;3304
1263;1293
1264;1961
1264;4266
1264;4376
1264;4835
1265;3559
1266;1753
1266;4330
1267;2796
1268;3188
1268;4491
1270;2885
1270;3764
1270;4191
1270;4495
1272;2528
1273;2331
1273;2475
1273;3243
1274;2112
1274;2453
1275;2368
1275;3914
1275;4464
1276;2195
1277;3514
1277;3530
1278;4540
1279;2562
1280;2443
1280;4530
1281;1439
1281;3401
1282;1594
1282;4154
1282;4780
1284;4081
1284;4815
1285;1429
1285;3863
1285;4767
1286;3291
1287;3844
1287;3875
1288;2327
1288;4517
1289;1318
1290;4122
1291;2740
1292;1306
1292;2097
1293;1729
1294;1780
1294;2156
1295;1948
1296;1519
1296;1867
1297;3061
1298;1322
1298;2238
1298;4992
1300;1938
1300;3427
1301;2958
1302;4314
1302;4377
1302;4573
1304;2091
1305;1522
1306;4327
1308;1378
1308;3436
1308;3835
1308;4282
1309;2469
1309;4116
1310;2102
1310;4220
1311;1426
1311;2201
1311;3473
1312;1522
1312;1847
1312;2179
1312;2760
1312;3293
1313;1470
1313;1726
1313;2735
1314;1404
1314;3656
1315;4287
1316;4052
1316;4410
1316;4880
1317;1639
1317;3594
1319;1641
1319;3472
1319;3988
1321;1891
1321;1987
1321;3121
1322;2507
1322;3643
1323;2186
1323;4316
1323;4634
1324;1521
1324;4874
1325;2236
1325;3582
1325;4961
1327;2393
1327;3421
1327;4002
1327;4030
1327;4842
1328;1702
1328;3037
1328;4298
1329;2007
1329;3785
1329;4794
1330;2072
1330;2457
1330;3309
1330;4015
1330;4168
1331;2299
1331;3726
1332;3587
1333;4548
1333;4552
1334;1914
1334;2825
1335;1598
1336;4316
1337;2839
1338;1862
1338;4222
1338;4282
1338;4637
1339;1923
1339;2414
1339;2669
1339;3022
1339;4264
1340;4441
1340;4793
1340;4829
1341;4999
1343;2256
1343;4102
1344;2103
1344;2530
1344;3982
1344;4906
1346;4161
1347;3505
1347;3826
1348;1837
1348;3954
1348;4451
1349;1832
1349;1847
1351;1551
1351;3650
1351;4331
1352;1587
1352;3214
1353;2539
1353;2664
1353;2856
1353;3153
1354;1790
1354;3666
1354;4865
1356;4578
1357;4222
1358;2226
1358;2366
1358;2598
1358;3426
1358;4295
1359;1983
1359;4766
1360;2292
1360;4316
1361;4197
1362;1541
1362;4188
1363;1422
1363;2704
1364;2028
1364;2720
1364;4256
1366;1423
1368;3983
1368;4180
1369;2535
1369;3452
1369;4751
1370;3007
1371;3564
1371;3905
1372;4906
1373;2905
1373;3590
1374;2919
1375;1828
1375;2602
1376;1486
1376;1655
1376;3166
1376;4412
1377;4068
1377;4964
1378;1716
1378;2974
1379;2419
1379;3023
1380;3085
1381;2317
1381;3780
1382;2055
1382;3520
1382;3880
1383;2511
1383;2557
1383;3078
1383;3295
1383;3395
1385;4954
1386;1552
1386;4698
1387;2912
1388;2151
1388;2553
1388;4584
1389;1415
1390;4379
1390;4744
1391;1991
1393;2175
1393;4375
1394;3079
1394;3406
1395;2643
1396;3069
1396;3454
1397;2299
1397;4706
1398;4711
1399;2254
1399;2881
1399;3243
1399;4221
1400;4168
1401;4756
1402;2758
1405;3193
1405;3939
1405;4136
1406;1492
1406;2803
1406;3768
1406;4557
1406;4659
1407;2246
1407;2795
1407;4189
1407;4728
1408;3277
1412;2217
1413;3725
1415;3708
1415;4398
1416;3638
1416;4321
1416;4437
1417;2014
1418;4046
1418;4345
1419;4363
1421;1464
1421;1810
1421;2265
1421;4398
1422;2110
1422;4488
1422;4576
1423;1811
1423;3244
1424;1656
1424;2017
1424;2762
1424;4124
1424;4406
1425;2694
1425;3971
1428;1471
1428;3763
1428;3844
1428;4860
1429;2997
1429;4364
1429;4763
1431;2699
1431;4401
1432;3780
1432;4064
1434;2120
1434;3610
1435;1714
1435;2322
1436;2819
1437;1978
1437;4567
1437;4949
1438;2496
1438;3854
1439;1970
1439;2076
1439;2485
1440;2502
1440;3321
1440;3470
1441;1490
1441;2393
1441;3472
1441;4440
1442;3176
1442;3462
1443;3095
1443;4854
1444;3854
1444;4656
1445;1832
1445;2586
1445;3600
1445;4035
1446;3034
1448;3947
1449;3692
1450;1494
1450;3127
1450;4071
1451;2264
1451;4243
1451;4841
1452;4568
1453;2023
1453;3969
1454;2716
1455;3836
1456;2437
1458;3434
1459;2003
1459;3953
1459;4179
1461;1824
1462;2346
1462;2391
1462;2555
1462;2566
1462;4836
1463;3810
1463;4159
1463;4296
1464;2086
1464;2281
1464;2321
1465;2730
1465;4557
1466;2568
1466;3583
1466;4513
1467;1620
1467;3979
1467;4031
1468;2337
1468;2976
1468;3897
1470;2206
1470;2876
1470;4320
1470;4892
1471;4045
1472;2613
1472;4586
1472;4769
1473;3643
1473;4862
1474;2079
1475;2170
1475;2348
1475;2384
1475;3134
1476;2167
1477;2593
1477;4262
1478;1665
1478;3069
1478;3399
1479;1660
1479;4526
1480;2610
1480;3100
1480;3906
1480;3962
1481;4318
1482;2841
1483;2726
1483;4548
1484;3253
1484;3498
1485;2088
1486;4544
1486;4993
1487;4241
1488;2933
1488;3735
1488;3942
1488;4909
1489;3653
1489;4709
1489;4981
1491;2117
1491;2496
1491;4545
1493;3593
1493;4830
1493;4881
1494;3201
1495;2118
1496;3391
1496;4882
1497;1650
1497;2023
1497;3755
1497;4539
1499;2331
1499;3463
1499;4055
1500;1532
1500;2581
1501;3274
1501;4402
1501;4735
1502;3452
1502;4562
1502;4582
1502;4969
1503;1839
1504;3154
1504;4140
1505;4235
1506;2432
1506;4132
1506;4146
1508;2226
1509;1969
1509;3870
1510;1916
1510;2042
1510;2217
1510;4747
1511;2525
1511;3444
1513;1686
1513;2028
1513;2047
1513;2112
1514;1641
1514;4128
1514;4400
1515;3399
1516;2409
1516;3407
1517;3883
1518;1894
1518;3015
1518;4987
1519;2604
1519;3691
1521;2321
1522;2710
1522;4378
1522;4485
1523;3136
1524;2000
1524;2618
1524;4151
1525;4699
1526;2779
1526;3544
1526;4100
1528;3323
1528;4680
1529;1629
1529;2048
1529;3121
1529;3863
1530;3778
1531;2252
1532;4751
1532;4919
1534;3987
1535;2755
1536;3673
1537;4356
1538;2048
1538;3752
1538;4871
1539;2685
1539;4543
1541;4736
1541;4770
1542;2444
1542;3362
1543;2703
1545;4332
1545;4620
1546;1895
1546;4874
1547;2114
1547;2622
1547;4041
1550;2507
1550;2619
1551;2240
1551;2291
1551;3715
1552;1764
1552;2289
1553;2577
1554;1994
1554;3127
1555;2251
1555;3132
1558;2837
1558;3379
1559;4541
1560;2748
1561;1917
1561;2219
1562;1760
1562;2206
1562;2793
1562;4164
1564;3536
1564;4812
1565;2445
1565;4003
1568;1701
1570;1792
1570;1969
1571;1680
1572;3480
1573;2645
1573;4193
1574;1913
1574;2773
1574;3757
1575;4780
1576;2049
1576;2854
1577;2205
1577;2506
1577;4445
1578;1715
1578;2225
1579;2050
1579;4133
1580;3773
1581;2553
1581;4054
1582;2142
1582;2459
1583;2316
1583;2618
1583;2730
1584;3603
1585;2099
1585;3745
1588;2838
1588;4227
1589;3465
1589;3493
1589;3674
1590;2084
1591;2715
1591;2935
1592;2374
1592;4939
1593;3121
1593;4154
1594;1915
1595;1914
1595;2841
1597;1959
1598;4864
1599;3003
1599;3677
1600;2372
1601;1635
1601;2287
1601;2618
1602;2591
1602;4818
1603;2008
1603;2116
1603;4551
1606;3749
1607;4371
1608;2235
1609;2696
1609;4473
1610;3039
1610;4493
1611;2186
1611;2781
1612;3520
1612;4050
1614;4577
1615;4869
1616;3352
1616;4377
1616;4654
1617;2845
1618;1645
1618;2739
1619;3778
1620;2070
1622;3754
1623;2942
1624;3897
1624;4807
1625;2211
1625;3387
1626;1710
1626;1807
1626;2179
1626;3696
1626;4557
1627;3151
1628;3209
1628;3397
1629;2180
1629;4671
1630;3454
1630;4586
1631;4006
1632;2549
1632;3845
1633;4939
1634;3104
1635;1814
1635;2298
1636;2761
1636;3200
1637;3788
1637;4550
1638;1914
1639;3378
1639;3930
1640;3045
1640;4544
1641;3008
1641;4138
1641;4469
1641;4814
1641;4961
1642;3396
1643;2848
1643;3587
1643;4079
1644;3887
1644;3911
1644;4043
1645;3364
1646;4563
1647;1867
1647;2809
1647;4182
1649;2102
1649;2801
1650;4324
1651;2513
1651;3059
1651;3962
1651;4657
1652;3361
1652;4646
1653;3377
1654;2986
1655;1940
1655;3920
1655;4627
1656;2210
1656;2262
1656;2279
1656;3596
1656;3602
1658;2657
1658;4364
1659;2570
1660;1932
1660;2012
1660;2181
1660;2899
1660;3896
1660;4973
1661;2238
1661;3239
1661;3716
1661;4599
1661;4748
1661;4899
1662;3732
1666;3355
1667;2545
1668;2367
1668;4684
1669;1713
1669;2091
1669;2542
1669;2821
1669;3036
1669;4130
1670;2144
1670;2832
1670;2847
1670;3140
1670;4152
1670;4483
1670;4984
1672;4199
1672;4294
1673;3022
1673;3441
1673;3776
1674;2620
1676;2721
1677;3175
1677;4475
1678;4213
1679;2167
1679;3282
1679;4255
1680;2068
1680;3479
1681;1699
1681;2523
1681;3832
1681;4444
1682;2986
1682;4213
1683;2066
1683;3580
1683;4282
1683;4637
1684;2409
1684;3725
1684;3956
1685;3378
1685;4283
1687;3805
1688;4374
1688;4431
1690;2029
1690;3066
1690;4104
1691;4272
1691;4452
1692;2574
1693;1867
1693;2698
1694;2432
1694;2509
1694;3396
1694;3664
1695;2112
1695;4641
1696;3785
1696;4747
1697;2316
1697;3944
1698;2044
1698;3013
1699;1703
1700;4402
1701;2019
1701;4567
1702;2047
1703;2307
1703;3458
1703;3912
1703;4108
1703;4922
1705;1983
1705;3579
1705;4094
1706;3901
1708;1891
1708;3543
1709;4086
1709;4740
1710;3909
1710;4441
1711;2412
1712;4374
1713;3053
1713;3905
1714;2859
1715;1836
1715;4228
1716;4474
1717;1725
1717;3118
1717;3287
1718;2110
1718;2238
1719;3784
1719;4365
1719;4720
1720;4205
1720;4624
1720;4822
1721;3587
1721;4711
1722;3662
1722;4465
1723;4982
1724;2350
1724;3987
1725;2258
1726;1737
1726;2183
1726;3987
1729;3683
1730;1734
1730;2090
1730;2535
1731;2850
1732;4100
1732;4922
1733;3658
1733;4343
1733;4416
1734;4044
1735;3010
1735;3879
1736;3281
1738;2591
1738;3187
1738;4910
1739;3147
1739;4063
1739;4524
1739;4631
1740;1757
1740;2008
1741;2107
1741;2800
1742;2847
1742;4444
1743;2405
1744;2017
1744;2846
1744;3129
1745;2432
1745;4850
1747;1932
1748;2973
1748;4488
1750;3209
1753;2547
1753;2555
1753;4592
1754;4629
1755;2477
1755;3504
1755;3815
1755;4748
1755;4814
1756;2673
1756;3162
1756;3470
1756;4742
1758;2821
1758;2844
1758;3043
1759;4365
1760;2097
1760;2825
1760;3327
1763;2150
1763;4201
1764;1839
1764;3983
1765;2766
1765;3936
1766;4804
1767;3567
1767;4661
1768;4784
1770;1831
1770;4722
1770;4727
1770;4866
1771;4732
1771;4792
1771;4857
1771;4876
1772;3593
1772;4604
1773;2357
1773;2723
1773;3494
1774;2230
1774;2683
1774;3464
1774;3483
1775;2291
1776;2814
1776;3475
1776;4561
1777;2261
1777;2434
1778;2534
1779;2355
1779;2614
1779;3289
1779;4732
1780;2028
1780;3166
1780;4218
1781;3355
1781;4051
1781;4195
1783;4233
1783;4470
1787;2409
1787;2606
1787;3930
1787;4305
1788;1891
1788;3679
1788;4001
1789;3446
1789;4943
1790;2101
1790;4760
1791;2442
1791;3815
1791;3940
1791;3963
1792;2861
1792;3558
1792;3859
1792;4372
1793;4111
1794;2504
1794;2852
1796;1831
1796;3381
1796;3719
1797;1990
1798;4818
1799;4881
1800;2257
1800;2799
1801;4480
1801;4903
1802;3238
1803;2059
1803;3376
1804;4653
1804;4776
1805;3368
1806;1855
1806;3881
1807;3097
1808;2235
1808;2267
1808;3656
1808;4427
1809;2028
1809;3045
1810;2319
1810;3275
1811;2016
1812;1936
1812;3583
1812;3649
1813;2456
1814;2576
1814;3122
1814;3781
1814;3880
1815;2415
1816;2683
1816;3847
1816;4494
1817;2764
1818;2062
1818;2436
1821;2115
1822;2546
1822;3837
1823;3118
1824;2870
1824;3659
1824;3764
1824;4748
1825;3905
1826;2365
1827;3223
1827;3279
1828;3482
1828;3503
1829;3416
1829;4884
1831;4279
1832;2107
1832;2722
1832;4984
1833;2978
1833;4881
1834;4221
1835;2891
1835;4300
1837;2370
1837;3099
1837;3538
1837;4046
1838;2731
1838;3891
1839;3275
1840;3481
1840;4850
1841;2356
1842;4259
1843;2679
1843;3600
1843;3622
1844;2086
1844;4241
1845;4513
1846;3941
1846;4985
1847;4160
1847;4734
1848;2532
1849;3488
1849;4698
1851;3047
1851;3470
1851;4159
1853;2551
1853;3049
1853;3403
1854;2617
1854;3320
1854;3762
1855;2220
1855;3375
1855;4007
1855;4100
1855;4659
1856;3881
1857;3467
1857;4900
1858;1904
1858;3617
1858;4900
1859;2917
1860;1935
1860;2355
1860;3974
1861;4485
1862;2483
1862;3092
1863;2717
1863;3627
1864;4986
1865;4072
1865;4977
1867;4429
1868;4345
1869;2211
1869;3183
1869;3409
1869;3519
1870;1937
1870;4691
1871;3872
1871;4256
1872;4265
1873;3634
1873;4867
1873;4977
1874;3179
1875;2029
1875;3548
1875;4218
1876;2713
1876;3674
1876;3943
1876;4850
1877;2539
1878;2027
1878;2115
1881;2146
1881;2399
1881;4424
1882;2509
1882;3214
1882;3918
1883;2868
1884;3125
1884;4020
1885;2130
1885;2501
1886;2267
1886;2403
1886;4828
1886;4846
1889;3715
1889;4828
1891;4148
1893;2067
1893;3552
1894;2894
1895;3632
1896;3154
1896;4492
1896;4938
1897;1939
1897;3196
1897;3384
1897;4811
1898;3291
1898;4439
1899;3328
1900;3213
1900;3975
1901;3023
1902;3900
1904;2657
1905;3101
1905;3635
1905;4834
1907;2319
1907;2709
1908;2247
1909;2691
1910;2756
1910;3788
1911;3842
1914;3189
1914;3469
1915;2214
1915;2834
1915;3914
1915;4583
1917;2295
1918;4990
1919;3226
1920;4035
1921;2639
1921;4033
1921;4961
1922;1929
1922;2066
1922;2114
1922;2309
1922;4835
1922;4900
1923;3520
1925;3310
1928;3257
1929;3421
1929;4301
1932;2734
1933;3371
1933;3894
1934;2928
1936;3367
1936;3850
1936;4170
1937;4250
1938;2468
1939;3360
1939;3481
1940;3594
1940;3789
1943;4323
1945;2646
1945;2814
1945;4004
1945;4436
1947;2019
1947;3485
1947;3634
1949;2188
1949;2502
1949;3139
1951;2315
1953;3236
1953;4205
1954;3982
1954;4605
1955;2095
1955;2463
1955;2480
1955;3723
1955;3761
1955;4226
1955;4448
1956;2343
1958;1991
1959;3443
1960;2079
1960;4303
1961;3971
1962;4022
1962;4203
1962;4444
1963;3114
1965;3293
1965;4282
1966;2733
1966;4680
1968;3424
1969;3430
1969;3666
1969;4158
1970;4548
1971;2301
1971;2391
1971;2987
1971;3299
1971;3301
1971;3356
1971;3841
1972;2271
1972;3626
1974;2449
1974;3531
1974;4552
1974;4767
1975;2449
1976;2017
1979;2454
1979;4407
1980;2410
1981;2023
1981;3993
1982;4868
1983;2227
1983;3556
1983;3699
1983;3764
1984;2460
1984;2721
1984;4842
1985;2545
1985;2775
1987;3024
1990;3953
1990;4997
1991;3113
1991;3812
1991;3837
1992;2191
1992;2660
1992;4282
1993;3967
1993;4697
1994;2211
1994;3540
1995;3918
1996;2262
1996;3988
1997;3319
1998;2522
1999;2978
1999;3288
1999;4818
2000;2866
2001;3266
2003;3482
2004;2102
2004;2457
2004;2480
2004;2712
2004;4837
2005;3128
2005;3849
2005;4375
2005;4897
2006;2723
2007;2583
2007;3270
2007;3545
2008;3750
2008;4122
2009;2086
2009;4283
2010;2476
2010;3484
2011;2415
2012;3523
2013;2030
2013;2822
2013;4468
2013;4849
2014;3491
2014;4031
2015;3192
2015;3458
2017;3897
2018;3256
2018;3826
2020;3578
2020;3638
2023;2149
2023;4059
2023;4727
2024;2290
2024;4052
2026;4697
2027;2966
2028;4533
2029;2055
2030;3154
2030;4003
2030;4985
2031;2941
2031;4108
2033;3871
2034;2571
2034;3955
2035;3360
2036;4332
2037;2816
2037;3275
2037;4870
2038;2947
2038;3782
2038;4721
2040;3857
2042;2592
2042;3951
2042;4601
2043;3003
2043;3820
2043;4021
2044;2357
2045;3946
2045;4794
2047;4320
2047;4446
2047;4984
2048;3018
2050;2620
2052;2337
2052;2405
2054;3628
2056;2699
2056;3520
2056;4299
2056;4696
2057;2197
2058;4182
2059;2189
2059;2256
2059;2354
2059;3449
2059;3734
2059;4747
2060;3317
2061;2891
2061;3342
2062;3165
2062;4791
2063;2633
2063;3441
2066;2988
2067;2349
2067;3859
2068;2077
2068;4144
2068;4622
2069;2696
2070;3639
2070;4528
2070;4744
2071;2658
2071;2772
2071;4513
2073;3932
2074;4479
2075;2209
2076;3633
2076;4754
2077;2634
2077;3301
2078;2177
2078;2445
2078;3734
2078;4291
2078;4521
2079;4119
2079;4236
2081;3306
2081;4399
2082;2643
2082;3193
2084;3183
2084;3490
2086;2498
2087;2404
2088;2574
2088;4543
2089;4677
2090;4695
2091;3080
2091;4191
2092;3042
2093;4822
2094;3324
2095;4548
2095;4621
2096;2489
2096;2686
2096;3112
2096;3544
2096;3735
2097;2186
2098;3471
2098;3652
2098;3753
2098;4011
2098;4093
2098;4855
2100;4595
2100;4659
2102;2131
2102;2502
2102;3491
2102;3827
2103;2663
2104;3488
2104;3630
2104;4528
2105;2793
2106;4743
2107;2960
2107;3310
2108;3136
2108;4189
2109;4227
2110;2684
2110;4564
2111;2263
2111;3158
2111;4215
2111;4853
2112;3941
2113;3097
2116;3965
2116;4572
2119;2795
2119;4873
2120;4707
2123;2171
2123;3420
2123;3782
2123;4115
2123;4370
2124;3086
2124;4058
2126;3104
2126;4242
2126;4284
2127;3061
2127;4469
2128;3332
2128;4035
2128;4869
2129;3695
2129;4877
2130;4199
2130;4460
2131;2656
2131;2739
2132;3830
2132;4166
2133;3334
2133;4293
2134;3614
2134;3904
2134;4901
2136;2814
2136;3206
2136;3776
2136;4090
2137;3087
2137;4715
2139;2581
2139;3324
2139;4454
2140;2830
2141;3182
2141;3377
2141;4505
2142;3238
2142;4022
2143;2169
2143;4657
2144;2800
2144;3826
2144;4547
2145;3677
2145;4226
2145;4386
2146;2712
2146;2879
2148;4447
2149;2932
2149;3279
2149;3290
2149;3653
2149;3895
2151;4164
2151;4913
2152;3767
2152;4064
2152;4941
2153;2242
2153;3106
2154;4554
2154;4556
2155;2307
2155;4220
2155;4321
2156;3379
2160;4061
2160;4523
2162;2637
2162;3309
2163;3567
2163;4374
2163;4397
2165;3113
2165;3559
2165;4069
2166;2522
2167;4187
2168;3669
2169;3554
2170;2490
2170;4458
2170;4803
2171;2505
2171;3595
2172;2294
2172;2904
2172;3505
2173;3082
2173;3423
2173;3909
2175;2743
2175;3642
2175;4253
2175;4337
2176;2328
2176;4504
2177;2550
2177;3421
2177;3671
2177;4480
2178;2590
2179;2808
2179;4764
2180;4994
2181;4480
2181;4821
2182;2263
2182;3050
2183;3525
2184;4520
2186;2957
2186;4846
2187;3862
2187;4573
2188;3565
2188;4763
2189;2829
2190;3213
2190;4030
2192;3477
2193;4394
2194;3083
2194;3661
2195;4229
2196;4242
2197;2264
2200;2361
2200;2947
2200;4247
2201;2637
2201;2922
2201;3118
2201;3179
2203;2458
2203;2575
2206;2214
2206;4252
2209;3640
2209;3653
2209;3961
2209;4373
2209;4469
2209;4504
2209;4674
2210;2398
2210;3606
2211;3495
2211;3870
2211;4535
2213;4699
2214;3828
2215;3545
2216;4021
2218;3352
2218;4626
2219;3554
2219;4421
2220;4180
2220;4591
2221;3930
2222;2586
2222;3297
2223;2790
2223;4684
2225;2254
2226;4715
2228;2754
2228;3957
2228;4349
2231;4764
2234;4455
2235;4584
2235;4766
2237;3738
2237;4447
2238;4167
2240;2458
2240;3943
2241;2546
2241;4033
2241;4456
2241;4863
2242;3240
2243;2739
2243;2865
2244;3335
2245;4149
2245;4286
2246;4205
2248;4360
2249;2615
2249;3866
2250;2775
2251;2827
2251;2829
2253;2642
2253;3678
2254;4886
2255;2587
2255;3662
2256;2891
2256;3221
2257;3312
2258;4539
2260;3857
2264;3495
2264;3783
2264;4889
2265;2304
2265;4834
2266;2538
2267;4219
2268;2376
2268;3550
2268;3700
2268;4106
2268;4293
2269;3111
2271;4461
2271;4509
2272;4490
2273;3031
2274;2670
2274;3605
2274;3703
2274;4217
2275;4172
2278;3252
2278;3648
2279;3045
2280;2439
2280;2660
2280;3324
2281;3985
2281;4356
2282;4405
2283;3503
2284;2730
2285;3467
2285;3955
2286;3628
2286;3851
2286;4928
2286;4995
2287;2524
2287;4002
2287;4756
2288;2540
2288;3578
2288;3755
2289;3034
2289;4415
2290;3510
2290;3718
2290;3871
2292;3398
2293;3786
2293;3823
2294;4875
2295;2796
2296;4096
2297;4796
2298;3645
2299;3547
2299;3609
2300;4988
2302;2735
2302;3349
2302;3421
2303;2329
2303;3272
2303;3329
2307;3768
2308;4030
2310;2389
2310;2668
2311;2524
2311;2806
2311;2952
2313;4931
2314;3482
2317;4896
2318;4591
2319;3623
2319;4290
2321;2503
2321;4490
2322;4992
2324;4355
2325;4517
2325;4782
2326;3832
2328;2433
2329;3920
2329;4034
2329;4856
2330;2888
2331;2406
2333;4485
2335;4104
2335;4351
2335;4544
2336;4058
2340;2866
2340;3922
2340;4746
2340;4916
2341;2710
2341;3445
2341;4249
2342;3398
2342;4586
2344;2471
2345;4863
2346;2564
2346;4436
2346;4639
2347;2786
2347;4246
2349;2501
2350;3746
2353;2801
2354;2514
2355;3631
2356;3601
2356;4842
2357;2497
2357;2672
2358;3245
2359;3505
2359;4915
2360;4212
2362;3356
2363;2376
2363;3266
2363;4678
2364;3859
2365;3267
2365;4693
2366;3983
2367;2782
2368;3528
2368;4987
2369;4418
2370;3160
2370;4671
2371;4104
2372;4168
2372;4964
2374;2483
2375;4558
2376;2986
2379;2497
2379;4255
2380;2416
2380;2912
2380;4670
2382;4413
2383;2772
2383;4402
2384;4352
2385;3480
2386;2720
2386;3798
2388;2550
2388;3823
2388;4052
2389;3705
2389;4273
2390;3614
2390;3630
2392;2653
2392;2751
2393;3209
2394;3398
2394;3721
2395;2924
2397;2799
2397;4260
2397;4449
2398;2887
2398;4551
2398;4664
2399;3166
2400;4416
2401;3792
2402;3700
2403;4499
2406;4953
2407;2731
2408;3898
2408;4644
2409;3242
2409;3695
2410;4979
2412;2849
2413;2831
2414;4616
2414;4782
2416;2963
2417;3082
2419;2973
2420;3078
2420;3915
2421;4871
2422;3514
2422;3736
2422;4436
2423;4107
2424;2769
2425;2772
2425;3509
2426;3756
2426;4294
2428;4838
2429;4750
2430;3931
2431;2821
2433;4606
2434;4892
2435;3326
2435;3559
2435;4078
2438;4776
2438;4813
2441;2770
2443;3152
2446;3842
2448;3674
2449;3472
2449;4804
2451;2693
2451;3910
2452;4482
2452;4613
2452;4917
2454;4120
2457;3474
2458;3081
2458;3127
2458;3865
2459;2974
2459;3819
2461;3743
2461;4322
2461;4825
2461;4971
2462;2691
2462;3808
2463;3068
2463;3338
2463;3899
2463;4776
2463;4968
2465;2918
2466;3786
2466;4652
2468;3095
2468;3635
2468;4596
2468;4861
2469;3168
2470;4305
2470;4731
2471;4863
2472;3169
2473;2511
2473;2599
2474;3743
2474;4916
2475;3990
2475;4468
2476;2579
2476;3320
2476;3690
2478;2512
2478;3653
2479;3173
2480;3839
2480;4816
2481;3437
2481;4030
2483;4956
2484;4165
2484;4997
2485;2697
2485;4778
2486;3644
2487;3304
2487;4015
2488;3103
2488;4884
2489;4522
2490;3555
2490;4656
2491;3506
2492;4704
2495;3876
2495;4273
2496;2977
2496;3767
2497;3736
2499;4415
2500;2549
2501;2763
2501;4508
2502;3431
2503;4510
2505;4572
2506;2693
2506;3176
2506;4401
2506;4604
2506;4658
2507;2667
2507;3122
2507;3177
2508;3051
2508;3156
2510;3975
2511;3271
2511;3924
2513;3111
2513;3242
2513;3461
2513;4050
2513;4447
2513;4644
2515;4849
2517;3443
2518;4113
2520;3747
2520;3784
2523;3184
2523;3367
2525;2901
2525;4382
2525;4682
2527;4523
2529;3277
2529;3381
2530;2904
2530;3645
2531;3842
2531;4234
2532;4137
2532;4173
2532;4320
2534;4240
2535;3009
2535;3062
2535;4134
2537;2684
2537;3655
2537;3985
2538;3476
2540;4640
2542;4729
2543;3908
2544;2769
2544;4504
2545;3572
2545;4714
2546;4276
2546;4850
2547;3207
2548;4476
2548;4753
2550;3256
2551;3726
2551;4593
2552;3973
2553;4211
2553;4380
2553;4996
2555;3039
2556;2955
2556;4015
2556;4703
2557;3615
2558;3388
2558;3565
2559;3252
2559;3645
2560;2950
2560;3398
2560;4269
2561;3462
2563;3172
2563;3631
2566;4492
2567;3248
2567;3368
2568;2683
2568;4347
2570;4155
2571;3248
2571;3310
2571;4504
2573;2687
2574;3576
2574;3936
2575;3721
2575;4770
2577;3954
2579;2954
2579;4130
2581;3090
2581;3155
2581;3192
2582;4151
2583;2906
2583;3069
2583;3884
2584;3520
2584;4047
2585;2767
2585;3788
2586;3370
2587;3935
2588;3159
2589;3907
2591;4950
2593;4331
2594;3360
2596;2896
2599;3654
2600;3155
2602;3858
2604;4262
2605;3517
2605;4035
2605;4817
2606;4054
2607;2740
2607;4937
2608;3827
2609;3189
2610;4945
2611;2920
2612;4156
2612;4315
2616;3166
2616;3313
2616;3809
2617;3508
2617;4362
2619;4086
2619;4955
2620;3618
2621;2885
2621;3093
2621;3343
2623;3509
2624;2996
2625;2874
2625;2903
2626;3431
2627;4259
2627;4749
2628;3201
2628;4320
2629;3598
2630;4868
2631;3413
2631;3893
2632;3693
2633;2869
2633;4162
2634;4107
2635;4307
2638;2806
2639;4349
2641;3428
2641;4943
2642;3927
2645;4518
2646;4568
2647;4271
2648;4466
2649;3738
2650;4541
2651;3126
2651;3935
2652;3069
2652;4802
2653;4953
2653;4968
2654;3438
2659;3162
2661;2852
2662;3048
2664;2778
2665;3233
2667;3471
2668;3230
2668;3572
2668;4981
2669;4880
2670;4569
2671;4282
2672;2697
2672;4140
2673;4317
2674;4005
2675;4299
2675;4482
2676;4512
2679;3900
2681;3269
2683;3299
2684;4135
2684;4835
2685;3844
2685;4501
2685;4834
2686;2717
2686;4761
2688;4515
2689;3231
2690;3012
2690;3481
2690;4230
2694;2889
2694;4052
2695;2764
2696;2724
2697;3731
2697;4131
2697;4353
2698;3004
2699;2885
2700;4139
2701;2958
2701;3263
2701;4260
2703;2814
2703;3175
2703;4504
2704;4098
2705;3301
2705;4376
2708;4144
2708;4486
2708;4827
2709;4063
2709;4261
2709;4288
2710;4236
2711;2938
2711;3364
2712;3704
2713;3602
2714;3687
2715;3055
2715;3137
2715;4286
2715;4504
2717;3917
2717;4087
2717;4423
2718;3912
2721;3238
2722;3135
2724;4873
2725;3747
2725;4931
2728;4795
2729;4641
2730;3884
2730;4669
2731;3924
2732;3124
2732;3288
2733;3685
2734;3133
2734;3232
2735;3246
2735;4319
2736;3203
2736;4686
2736;4790
2736;4867
2737;3435
2737;3748
2737;4325
2738;3630
2739;2839
2739;3023
2739;3772
2740;3790
2742;2956
2742;3193
2742;4216
2743;3875
2743;4521
2745;3223
2746;4058
2746;4466
2747;2871
2747;3536
2747;3939
2749;2816
2749;4249
2756;2959
2758;2766
2758;4507
2759;3841
2761;2895
2761;2979
2761;3002
2762;4014
2763;4692
2765;3141
2765;3605
2766;3151
2766;3664
2767;3346
2768;2986
2769;2952
2769;4177
2771;3153
2771;3368
2771;4390
2772;3424
2773;4159
2773;4930
2775;2984
2776;3756
2776;4078
2777;4069
2777;4883
2778;3409
2778;4461
2781;4368
2781;4900
2782;3481
2783;3061
2783;4243
2784;3502
2785;3708
2787;3106
2787;4154
2788;4657
2789;3047
2789;4136
2789;4994
2790;3659
2790;4114
2791;3885
2793;4098
2794;4015
2795;2990
2796;2897
2796;3870
2797;3294
2797;3404
2797;3800
2798;3437
2799;4536
2799;4766
2800;4778
2802;3579
2802;3998
2802;4895
2803;3453
2803;4983
2804;3343
2804;4151
2806;4296
2809;3902
2809;4333
2811;4287
2811;4547
2812;3501
2812;4279
2814;4311
2815;3945
2816;4031
2816;4400
2817;3298
2817;3704
2818;3279
2818;3342
2818;3694
2818;4767
2820;3924
2821;2967
2824;3870
2825;3498
2825;4327
2827;3750
2827;4326
2828;2869
2829;3069
2829;4280
2830;4074
2832;2998
2832;3055
2833;3018
2833;3205
2834;3494
2839;3475
2840;4835
2844;3063
2844;4771
2845;3231
2845;3708
2846;3242
2846;4611
2847;4055
2847;4809
2851;2991
2854;2903
2854;3449
2854;4640
2855;4886
2856;3973
2859;3198
2859;3733
2859;4287
2860;3311
2862;3213
2862;4252
2863;3799
2863;4664
2864;3157
2867;3202
2867;3790
2867;4693
2868;4565
2868;4977
2869;3893
2870;3184
2870;4151
2874;4077
2875;3606
2875;4006
2878;3688
2879;3064
2879;3484
2879;3789
2881;4751
2881;4754
2882;2935
2885;4546
2885;4975
2886;4950
2888;3499
2892;3526
2895;3410
2896;3155
2897;4520
2897;4597
2897;4669
2898;4903
2900;4549
2902;3711
2902;3827
2903;4544
2906;4416
2907;4539
2908;3852
2908;4806
2909;4837
2914;3221
2915;4521
2916;4020
2916;4147
2916;4972
2917;3231
2917;3684
2917;4701
2917;4753
2917;4989
2918;3560
2921;3025
2923;3333
2925;3184
2925;3720
2927;3286
2927;4109
2929;4337
2929;4661
2930;4139
2930;4432
2931;3942
2932;2950
2933;3003
2933;4187
2934;3664
2934;4064
2937;3244
2938;4650
2939;4206
2940;3950
2941;4405
2941;4901
2942;4131
2942;4768
2943;3959
2943;4713
2946;3875
2948;3071
2949;3790
2949;3950
2949;4424
2950;4932
2951;3189
2951;3561
2954;3665
2954;4007
2956;3680
2956;4245
2961;3544
2961;3739
2963;3240
2963;3385
2963;4093
2963;4178
2963;4620
2964;4854
2964;4908
2967;3351
2968;3387
2970;3083
2970;3373
2971;3021
2971;3558
2971;4486
2972;4480
2973;3015
2976;3198
2978;4106
2978;4424
2979;3485
2979;3805
2980;3130
2980;3604
2981;4819
2982;3651
2983;3102
2984;3991
2984;4018
2984;4221
2984;4415
2985;3594
2986;3391
2986;4245
2988;3817
2990;3557
2990;4811
2993;3742
2995;3073
2996;4492
2998;3390
2998;4119
2999;3154
2999;3508
3001;3504
3002;3161
3003;4011
3006;3062
3006;3211
3009;4656
3011;3512
3012;3300
3013;3982
3014;4099
3014;4845
3014;4872
3017;4271
3018;3147
3018;4345
3019;4130
3025;4934
3027;3649
3029;3646
3029;4251
3031;3418
3032;3582
3033;3660
3034;3233
3034;4086
3034;4957
3036;4604
3039;4940
3040;3724
3040;4598
3041;3428
3042;3459
3042;4947
3045;3791
3047;3298
3047;3670
3049;4158
3050;3075
3056;4468
3057;4097
3057;4614
3058;4643
3062;4114
3064;4782
3064;4881
3065;4742
3066;4110
3067;3917
3068;3295
3068;3500
3068;4919
3069;3300
3070;4176
3070;4713
3071;3901
3071;3939
3071;4616
3071;4722
3072;4087
3075;3458
3075;4835
3076;3997
3077;3278
3079;4333
3080;4683
3081;3561
3081;3638
3085;3345
3086;4556
3087;3325
3087;4769
3089;4060
3089;4316
3089;4508
3090;3180
3090;3442
3090;3495
3090;4417
3092;3379
3092;4332
3092;4663
3093;4254
3094;4984
3095;3229
3096;3925
3096;4869
3100;3491
3101;3366
3103;4186
3104;3678
3107;3619
3107;4967
3109;3434
3109;3695
3109;4235
3110;3733
3110;4553
3111;4738
3112;4053
3112;4430
3113;3963
3113;4884
3114;4374
3117;3520
3117;4787
3118;4564
3120;3961
3121;3140
3124;4355
3128;4300
3128;4728
3129;4069
3130;3831
3131;4034
3133;4515
3133;4682
3134;3647
3134;4150
3135;4150
3137;4486
3137;4546
3137;4865
3139;4448
3140;3538
3140;4536
3141;4586
3142;4206
3144;3518
3146;3309
3146;4042
3146;4327
3147;3367
3148;3439
3148;3848
3148;4594
3149;3191
3149;4983
3154;3953
3156;3600
3156;3958
3157;4860
3158;4401
3158;4714
3160;3788
3164;4089
3165;3455
3165;4121
3166;3890
3166;4324
3168;3279
3169;3858
3170;3877
3172;3638
3173;4678
3176;3262
3176;3677
3176;4706
3177;3778
3177;4011
3177;4208
3179;3266
3179;3754
3181;4810
3182;4244
3183;4146
3183;4557
3184;4219
3184;4855
3185;3890
3185;4311
3187;4200
3188;3365
3188;4187
3191;4106
3192;4261
3194;3327
3196;3716
3196;4075
3198;3456
3198;3703
3198;4548
3198;4958
3199;4332
3200;3538
3202;3444
3202;3448
3203;3700
3203;4789
3205;3659
3206;4972
3207;3211
3207;3241
3207;4353
3208;3458
3208;4459
3208;4520
3208;4621
3210;3502
3213;3926
3214;4474
3214;4771
3215;4726
3216;4351
3216;4890
3217;3879
3218;4146
3218;4271
3218;4348
3219;3434
3219;3693
3219;4797
3220;4881
3223;4847
3224;3565
3227;3231
3227;3580
3227;3908
3228;4333
3228;4954
3230;4570
3231;4380
3232;3430
3233;4608
3236;3372
3236;3577
3238;3331
3238;4285
3238;4727
3238;4778
3239;4238
3240;3380
3241;3869
3241;4212
3242;3579
3242;4812
3243;3888
3244;4127
3247;3383
3249;3943
3249;4656
3250;4774
3251;4223
3251;4498
3255;4694
3256;4891
3257;3655
3259;4264
3261;3558
3261;4679
3262;4094
3263;4732
3266;4334
3268;3872
3268;4980
3270;3835
3270;4197
3273;4989
3274;3665
3274;4483
3274;4723
3275;4357
3276;3973
3276;4070
3276;4952
3277;3439
3277;4736
3278;4251
3280;4149
3280;4363
3281;3608
3284;3449
3285;3945
3286;4523
3286;4586
3288;3793
3289;3404
3289;4946
3290;3500
3291;3797
3291;3883
3293;3345
3293;3910
3294;3367
3294;4451
3294;4646
3296;4331
3299;4290
3300;4783
3304;3426
3304;4580
3305;4141
3306;3960
3308;4792
3311;4140
3314;3795
3314;4219
3315;4530
3317;3955
3318;4183
3318;4267
3318;4543
3321;3331
3321;4230
3323;3854
3323;4106
3326;4753
3327;3394
3327;4435
3327;4755
3328;3843
3328;4908
3330;3754
3331;3964
3331;4012
3331;4936
3332;3633
3332;4150
3335;4374
3335;4868
3337;3927
3338;4289
3340;4071
3341;4558
3345;4016
3347;3929
3349;4332
3349;4760
3350;4948
3352;3809
3352;3913
3359;4529
3359;4902
3362;3499
3364;4661
3365;4560
3366;4640
3368;4407
3376;4305
3376;4783
3377;4038
3379;3434
3379;3765
3382;4939
3383;3834
3385;3463
3387;3703
3388;3972
3389;4779
3389;4892
3390;4654
3395;4075
3396;3721
3397;4129
3400;3477
3402;4788
3403;4817
3404;3412
3405;4308
3408;4022
3409;3412
3410;3717
3410;4481
3410;4720
3413;3913
3414;4301
3416;4079
3417;3997
3421;3892
3422;3797
3422;3884
3424;4447
3426;3710
3428;3937
3429;4204
3430;4194
3430;4768
3432;3577
3432;3682
3434;4647
3436;3972
3436;4882
3437;4812
3438;4766
3441;3933
3442;3642
3443;3755
3443;4530
3444;3684
3444;4102
3445;3455
3445;4370
3445;4854
3446;3603
3446;3614
3446;3636
3447;3811
3447;4150
3448;4948
3449;3901
3450;3684
3450;4202
3450;4324
3452;4120
3455;4516
3455;4525
3456;4017
3459;3806
3460;3853
3462;4046
3462;4257
3463;4157
3464;4662
3465;4380
3465;4716
3466;3755
3466;4600
3467;3470
3467;4640
3468;4182
3468;4226
3469;3680
3469;3966
3470;3872
3472;4480
3473;4493
3473;4722
3477;4749
3478;4559
3478;4819
3480;4351
3480;4477
3482;3653
3483;4163
3484;4953
3485;4398
3485;4953
3486;4504
3487;4113
3487;4306
3488;4985
3494;4033
3495;4133
3496;4206
3498;4186
3498;4201
3500;3815
3501;4959
3507;3724
3508;4095
3510;3729
3513;4833
3514;4281
3517;3570
3519;4047
3522;4549
3523;4250
3524;3912
3525;4767
3526;3544
3526;3669
3526;3765
3528;4126
3528;4511
3532;3782
3534;3729
3534;4580
3538;3845
3542;4034
3542;4420
3546;4207
3547;4369
3550;3915
3551;4254
3552;4759
3554;4686
3561;3864
3561;4622
3564;4319
3568;4284
3569;4077
3570;4751
3570;4813
3572;4360
3573;4718
3576;4288
3577;4452
3577;4654
3580;4548
3580;4938
3582;3746
3582;4039
3582;4718
3585;3610
3586;4023
3587;3888
3587;4121
3590;4651
3591;4981
3592;4096
3595;4378
3598;3954
3599;4669
3599;4716
3600;4299
3601;3814
3602;4325
3602;4650
3605;4633
3607;4306
3607;4918
3608;4613
3608;4624
3612;4943
3613;4382
3614;4067
3616;4523
3617;4355
3617;4810
3622;4211
3622;4441
3624;4974
3628;4349
3629;3677
3630;4898
3631;4492
3632;3823
3633;4109
3633;4717
3635;4206
3636;3992
3636;4210
3638;4589
3641;3665
3642;3644
3643;4425
3645;4333
3646;3869
3646;4451
3647;4596
3648;4264
3648;4990
3649;3835
3649;4658
3649;4839
3650;4941
3654;4699
3655;4113
3661;4432
3661;4978
3670;4720
3671;3962
3673;3990
3678;4052
3678;4985
3679;4353
3679;4711
3682;3976
3684;4094
3689;4566
3690;4727
3691;3838
3694;4161
3696;4490
3696;4710
3698;4455
3701;4719
3702;4234
3702;4324
3702;4679
3709;3917
3712;4017
3712;4993
3716;3990
3718;3809
3718;3907
3718;4261
3721;3876
3722;4007
3725;4761
3727;4272
3729;4654
3730;4254
3732;4602
3733;4225
3734;3826
3735;3876
3735;4328
3735;4675
3735;4727
3741;4950
3742;4010
3743;3861
3745;4697
3746;4770
3747;3770
3748;4020
3748;4209
3751;4671
3752;4111
3753;3790
3755;3767
3756;4364
3762;4922
3765;4082
3767;3953
3767;4232
3769;4159
3770;4620
3772;3925
3772;4934
3773;4105
3773;4483
3777;4716
3780;4042
3782;4265
3784;4390
3785;4370
3788;3907
3788;4428
3789;3949
3789;4049
3789;4247
3790;4835
3790;4913
3792;4257
3793;4000
3794;4338
3797;4193
3797;4270
3798;4248
3798;4749
3799;4746
3800;4222
3801;4565
3805;3968
3806;4349
3806;4830
3809;4721
3811;4101
3811;4343
3811;4947
3812;4674
3814;4368
3815;4465
3816;4861
3820;3837
3823;4568
3825;4029
3826;4100
3826;4656
3828;4141
3830;4798
3830;4976
3834;4028
3835;4141
3835;4358
3837;3943
3840;3915
3840;4906
3841;4417
3843;4564
3845;4006
3848;4151
3852;4861
3853;4225
3855;4674
3858;4544
3864;4837
3864;4986
3865;4267
3865;4823
3870;4736
3871;4894
3873;4600
3875;3966
3879;3991
3879;4054
3879;4385
3880;4630
3881;4814
3883;4595
3884;4256
3885;4649
3887;4179
3887;4735
3889;4724
3890;4275
3895;4656
3895;4662
3898;4050
3899;4133
3904;3944
3906;4429
3906;4914
3906;4937
3906;4939
3909;4806
3911;4597
3911;4974
3914;4593
3915;4402
3916;4149
3920;4805
3922;4334
3926;4868
3927;4312
3930;4860
3935;4601
3938;4105
3938;4629
3940;4371
3943;4534
3948;4629
3950;3953
3950;4797
3951;4075
3956;4294
3957;4175
3961;4051
3962;4335
3969;4881
3972;4298
3974;4137
3974;4494
3976;4056
3977;4141
3978;4019
3978;4678
3979;4560
3983;4250
3999;4253
4002;4630
4004;4589
4006;4926
4007;4735
4008;4856
4010;4946
4013;4461
4016;4088
4019;4741
4020;4158
4022;4998
4023;4091
4024;4606
4025;4165
4025;4168
4026;4463
4029;4235
4029;4371
4029;4790
4030;4194
4031;4696
4032;4647
4032;4709
4033;4068
4034;4575
4035;4535
4038;4519
4039;4164
4043;4706
4044;4139
4044;4563
4045;4221
4045;4314
4045;4413
4045;4525
4047;4955
4048;4097
4048;4132
4056;4244
4060;4062
4063;4722
4064;4760
4066;4253
4066;4609
4070;4194
4070;4428
4071;4260
4076;4908
4077;4246
4077;4588
4081;4249
4081;4902
4082;4147
4084;4246
4085;4092
4085;4363
4085;4668
4086;4735
4089;4822
4092;4197
4096;4861
4097;4350
4097;4550
4098;4941
4100;4657
4100;4887
4101;4339
4103;4744
4108;4645
4114;4919
4117;4150
4117;4432
4118;4341
4118;4468
4118;4490
4120;4717
4120;4774
4123;4469
4123;4609
4127;4518
4129;4497
4130;4902
4137;4637
4141;4703
4141;4977
4144;4294
4149;4887
4151;4293
4154;4722
4157;4270
4159;4881
4163;4257
4163;4439
4167;4924
4169;4572
4173;4675
4175;4587
4175;4981
4178;4613
4181;4613
4184;4253
4189;4341
4192;4736
4192;4829
4193;4306
4195;4640
4196;4265
4197;4869
4200;4553
4201;4779
4208;4230
4209;4793
4219;4255
4220;4285
4220;4666
4223;4742
4225;4829
4226;4472
4227;4381
4236;4531
4237;4820
4240;4338
4243;4245
4248;4355
4248;4930
4250;4326
4266;4592
4266;4884
4271;4301
4275;4412
4276;4617
4279;4988
4281;4603
4282;4571
4282;4938
4284;4725
4285;4553
4290;4528
4293;4392
4293;4917
4297;4809
4300;4391
4300;4714
4303;4371
4303;4679
4304;4996
4309;4358
4313;4478
4320;4495
4320;4957
4323;4774
4332;4609
4335;4799
4339;4674
4350;4485
4353;4425
4353;4426
4353;4878
4354;4402
4355;4506
4355;4997
4358;4866
4373;4702
4374;4381
4375;4519
4378;4706
4381;4720
4381;4838
4382;4648
4383;4598
4383;4744
4384;4428
4399;4993
4402;4569
4403;4822
4410;4442
4410;4900
4411;4901
4413;4765
4417;4887
4425;4970
4427;4466
4434;4850
4445;4499
4449;4724
4450;4464
4450;4926
4461;4776
4468;4597
4470;4733
4472;4951
4478;4915
4483;4658
4484;4943
4486;4731
4489;4770
4495;4846
4504;4590
4504;4883
4511;4594
4511;4608
4523;4943
4526;4660
4527;4923
4535;4699
4543;4753
4543;4766
4548;4786
4557;4730
4560;4830
4564;4699
4573;4778
4574;4760
4576;4829
4597;4854
4606;4734
4608;4645
4621;4725
4626;4961
4634;4943
4634;4949
4641;4719
4641;4761
4645;4902
4647;4723
4650;4652
4651;4988
4663;4701
4671;4821
4674;4711
4677;4988
4689;4871
4696;4807
4698;4706
4707;4854
4719;4987
4726;4969
4727;4935
4728;4938
4728;4944
4770;4933
4775;4951
4778;4797
4781;4854
4784;4995
4792;4891
4795;4888
4812;4876
4817;4856
4822;4929
4828;4909
4853;4968
4876;4962
4886;4923
4904;4959
4919;4970
